USE DBMS;

CREATE TABLE STUDENT
(
	RNO INT PRIMARY KEY,
	NAME VARCHAR(50),
	CITY VARCHAR(50),
	DID INT FOREIGN KEY REFERENCES DEPARTMENT(DID)
);

CREATE TABLE ACADEMIC
(
	RNO INT FOREIGN KEY REFERENCES STUDENT(RNO),
	SPI DECIMAL(4,2) CHECK(SPI BETWEEN 0 AND 10),
	BKLOG INT CHECK(BKLOG >=0)
);

CREATE TABLE DEPARTMENT
(
	DID INT PRIMARY KEY ,
	DNAME VARCHAR(50)
);

INSERT INTO DEPARTMENT VALUES
(10,'COMPUTER'),
(20,'ELECTRICAL'),
(30,'MECHANICAL'),
(40,'CIVIL')

INSERT INTO STUDENT VALUES
(101,'RAJU','RAJKOT',10),
(102,'AMIT','AHMEDABAD',20),
(103,'SANJAY','BARODA',40),
(104,'NEHA','RAJKOT',20),
(105,'MEERA','AHMEDABAD',30),
(106,'MAHESH','BARODA',10)

INSERT INTO ACADEMIC VALUES
(101,8.8,0),
(102,9.2,2),
(103,7.6,1),
(104,8.2,4),
(105,7.0,2),
(106,8.9,3)

SELECT * FROM STUDENT
SELECT * FROM ACADEMIC
SELECT * FROM DEPARTMENT

-------------------- [ PART-A ] --------------------

-- 1. Display details of students who are from computer department.
SELECT * FROM STUDENT
WHERE DID=(SELECT DID FROM DEPARTMENT WHERE DNAME='COMPUTER');

-- 2. Displays name of students whose SPI is more than 8.
SELECT NAME FROM STUDENT
WHERE RNO IN(SELECT RNO FROM ACADEMIC WHERE SPI >8);

-- 3. Display details of students of computer department who belongs to Rajkot city.
SELECT * FROM STUDENT
WHERE DID IN (SELECT DID FROM DEPARTMENT WHERE DNAME='COMPUTER')
AND CITY='RAJKOT';

-- 4. Find total number of students of electrical department.
SELECT COUNT(RNO) FROM STUDENT
WHERE DID IN(SELECT DID FROM DEPARTMENT WHERE DNAME ='COMPUTER');

-------------------- [ PART-B ] --------------------

-- 1. Display name of student who is having maximum SPI.
SELECT NAME FROM STUDENT
WHERE RNO= (SELECT RNO FROM ACADEMIC
WHERE SPI =(SELECT MAX(SPI) FROM ACADEMIC));

-- 2. Display details of students having more than 1 backlog.
SELECT * FROM STUDENT
WHERE RNO IN (SELECT RNO FROM ACADEMIC WHERE BKLOG >1);

-- 3. Display name of student who is having second highest SPI.
SELECT NAME FROM STUDENT
WHERE RNO =(SELECT RNO FROM ACADEMIC
WHERE SPI=(SELECT MAX(SPI) FROM ACADEMIC
WHERE SPI<(SELECT MAX(SPI) FROM ACADEMIC)));

-------------------- [ PART-C ] --------------------

-- 1. Display name of students who are either from computer department or from mechanical department.
SELECT NAME FROM STUDENT
WHERE DID IN (SELECT DID FROM DEPARTMENT
WHERE DNAME IN('COMPUTER','MECHNAICAL'));

-- 2. Display name of students who are in same department as 102 studying in.
SELECT NAME FROM STUDENT
WHERE DID IN (SELECT DID FROM STUDENT WHERE RNO=102);

-- 3. Display name of students whose SPI is more than 9 and who is from electrical department.
SELECT NAME FROM STUDENT
WHERE RNO IN (SELECT RNO FROM ACADEMIC WHERE SPI>9) AND DID = (
SELECT DID FROM DEPARTMENT WHERE DNAME='ELECTRICAL');